,deposit_id,deposit_name,latitude,longitude,deposit_model,url
0,1,NA,54.22,-8.53,NA,https://mrdata.usgs.gov/to-json.php?db=sedexmvt&id=rec_id&labno=1
1,2,NA,17.98,36.38,NA,https://mrdata.usgs.gov/to-json.php?db=sedexmvt&id=rec_id&labno=2
2,3,NA,-19.23,122.28,NA,https://mrdata.usgs.gov/to-json.php?db=sedexmvt&id=rec_id&labno=3
3,4,NA,-23.2,-65.7,NA,https://mrdata.usgs.gov/to-json.php?db=sedexmvt&id=rec_id&labno=4
4,5,NA,35.43,5.29,NA,https://mrdata.usgs.gov/to-json.php?db=sedexmvt&id=rec_id&labno=5
5,6,NA,53.29,6.9,NA,https://mrdata.usgs.gov/to-json.php?db=sedexmvt&id=rec_id&labno=6
6,7,NA,24.33,72.85,NA,https://mrdata.usgs.gov/to-json.php?db=sedexmvt&id=rec_id&labno=7
7,8,NA,68.16,-162.96,NA,https://mrdata.usgs.gov/to-json.php?db=sedexmvt&id=rec_id&labno=8
8,9,NA,-34.67,138.91,NA,https://mrdata.usgs.gov/to-json.php?db=sedexmvt&id=rec_id&labno=9
9,10,NA,32.71,51.15,NA,https://mrdata.usgs.gov/to-json.php?db=sedexmvt&id=rec_id&labno=10
10,11,NA,42.95,-0.22,NA,https://mrdata.usgs.gov/to-json.php?db=sedexmvt&id=rec_id&labno=11
11,12,NA,33.59,106.88,NA,https://mrdata.usgs.gov/to-json.php?db=sedexmvt&id=rec_id&labno=12
12,13,NA,25.83,75.27,NA,https://mrdata.usgs.gov/to-json.php?db=sedexmvt&id=rec_id&labno=13
13,14,NA,24.35,73.73,NA,https://mrdata.usgs.gov/to-json.php?db=sedexmvt&id=rec_id&labno=14
14,15,NA,53.65,-7.47,NA,https://mrdata.usgs.gov/to-json.php?db=sedexmvt&id=rec_id&labno=15
15,16,NA,44.25,-75.4,NA,https://mrdata.usgs.gov/to-json.php?db=sedexmvt&id=rec_id&labno=16
16,17,NA,25.04,74.18,NA,https://mrdata.usgs.gov/to-json.php?db=sedexmvt&id=rec_id&labno=17
17,18,NA,24.32,73.68,NA,https://mrdata.usgs.gov/to-json.php?db=sedexmvt&id=rec_id&labno=18
18,19,NA,38.17,27.35,NA,https://mrdata.usgs.gov/to-json.php?db=sedexmvt&id=rec_id&labno=19
19,20,NA,64.03,-129.42,NA,https://mrdata.usgs.gov/to-json.php?db=sedexmvt&id=rec_id&labno=20
20,21,NA,25.2,108.1,NA,https://mrdata.usgs.gov/to-json.php?db=sedexmvt&id=rec_id&labno=21
21,22,NA,-19.57,18.26,NA,https://mrdata.usgs.gov/to-json.php?db=sedexmvt&id=rec_id&labno=22
22,23,NA,25.07,74.18,NA,https://mrdata.usgs.gov/to-json.php?db=sedexmvt&id=rec_id&labno=23
23,24,NA,49.5,-118.15,NA,https://mrdata.usgs.gov/to-json.php?db=sedexmvt&id=rec_id&labno=24
24,25,NA,-29.2,18.83,NA,https://mrdata.usgs.gov/to-json.php?db=sedexmvt&id=rec_id&labno=25
25,26,NA,33.92,105.46,NA,https://mrdata.usgs.gov/to-json.php?db=sedexmvt&id=rec_id&labno=26
26,27,NA,71.17,-51.75,NA,https://mrdata.usgs.gov/to-json.php?db=sedexmvt&id=rec_id&labno=27
27,28,NA,-29.23,18.73,NA,https://mrdata.usgs.gov/to-json.php?db=sedexmvt&id=rec_id&labno=28
28,29,NA,46.67,13.67,NA,https://mrdata.usgs.gov/to-json.php?db=sedexmvt&id=rec_id&labno=29
29,30,NA,65.83,13.83,NA,https://mrdata.usgs.gov/to-json.php?db=sedexmvt&id=rec_id&labno=30
30,31,NA,64.4,-134.67,NA,https://mrdata.usgs.gov/to-json.php?db=sedexmvt&id=rec_id&labno=31
31,32,NA,72.1,-24.0,NA,https://mrdata.usgs.gov/to-json.php?db=sedexmvt&id=rec_id&labno=32
32,33,NA,53.22,6.94,NA,https://mrdata.usgs.gov/to-json.php?db=sedexmvt&id=rec_id&labno=33
33,34,NA,36.11,8.94,NA,https://mrdata.usgs.gov/to-json.php?db=sedexmvt&id=rec_id&labno=34
34,35,NA,35.78,8.28,NA,https://mrdata.usgs.gov/to-json.php?db=sedexmvt&id=rec_id&labno=35
35,36,NA,36.21,4.89,NA,https://mrdata.usgs.gov/to-json.php?db=sedexmvt&id=rec_id&labno=36
36,37,NA,-31.97,141.47,NA,https://mrdata.usgs.gov/to-json.php?db=sedexmvt&id=rec_id&labno=37
37,38,NA,-29.23,18.78,NA,https://mrdata.usgs.gov/to-json.php?db=sedexmvt&id=rec_id&labno=38
38,39,NA,37.58,-91.13,NA,https://mrdata.usgs.gov/to-json.php?db=sedexmvt&id=rec_id&labno=39
39,40,NA,-13.42,134.41,NA,https://mrdata.usgs.gov/to-json.php?db=sedexmvt&id=rec_id&labno=40
40,41,NA,-28.88,23.6,NA,https://mrdata.usgs.gov/to-json.php?db=sedexmvt&id=rec_id&labno=41
41,42,NA,45.41,-76.71,NA,https://mrdata.usgs.gov/to-json.php?db=sedexmvt&id=rec_id&labno=42
42,43,NA,-18.71,125.96,NA,https://mrdata.usgs.gov/to-json.php?db=sedexmvt&id=rec_id&labno=43
43,44,NA,-21.87,140.92,NA,https://mrdata.usgs.gov/to-json.php?db=sedexmvt&id=rec_id&labno=44
44,45,NA,-24.83,-48.95,NA,https://mrdata.usgs.gov/to-json.php?db=sedexmvt&id=rec_id&labno=45
45,46,NA,52.51,-8.37,NA,https://mrdata.usgs.gov/to-json.php?db=sedexmvt&id=rec_id&labno=46
46,47,NA,22.72,-84.05,NA,https://mrdata.usgs.gov/to-json.php?db=sedexmvt&id=rec_id&labno=47
47,48,NA,-18.75,138.63,NA,https://mrdata.usgs.gov/to-json.php?db=sedexmvt&id=rec_id&labno=48
48,49,NA,34.0,105.5,NA,https://mrdata.usgs.gov/to-json.php?db=sedexmvt&id=rec_id&labno=49
49,50,NA,57.51,-125.15,NA,https://mrdata.usgs.gov/to-json.php?db=sedexmvt&id=rec_id&labno=50
50,51,NA,83.08,-28.25,NA,https://mrdata.usgs.gov/to-json.php?db=sedexmvt&id=rec_id&labno=51
51,52,NA,62.78,-135.14,NA,https://mrdata.usgs.gov/to-json.php?db=sedexmvt&id=rec_id&labno=52
52,53,NA,50.73,-118.73,NA,https://mrdata.usgs.gov/to-json.php?db=sedexmvt&id=rec_id&labno=53
53,54,NA,51.45,-118.82,NA,https://mrdata.usgs.gov/to-json.php?db=sedexmvt&id=rec_id&labno=54
54,55,NA,52.64,-8.98,NA,https://mrdata.usgs.gov/to-json.php?db=sedexmvt&id=rec_id&labno=55
55,56,NA,2.83,98.17,NA,https://mrdata.usgs.gov/to-json.php?db=sedexmvt&id=rec_id&labno=56
56,57,NA,26.63,102.88,NA,https://mrdata.usgs.gov/to-json.php?db=sedexmvt&id=rec_id&labno=57
57,58,NA,33.91,105.75,NA,https://mrdata.usgs.gov/to-json.php?db=sedexmvt&id=rec_id&labno=58
58,59,NA,24.38,72.83,NA,https://mrdata.usgs.gov/to-json.php?db=sedexmvt&id=rec_id&labno=59
59,60,NA,25.45,74.63,NA,https://mrdata.usgs.gov/to-json.php?db=sedexmvt&id=rec_id&labno=60
60,61,NA,36.47,9.09,NA,https://mrdata.usgs.gov/to-json.php?db=sedexmvt&id=rec_id&labno=61
61,62,NA,28.41,109.41,NA,https://mrdata.usgs.gov/to-json.php?db=sedexmvt&id=rec_id&labno=62
62,63,NA,41.65,106.72,NA,https://mrdata.usgs.gov/to-json.php?db=sedexmvt&id=rec_id&labno=63
63,64,NA,58.05,-125.95,NA,https://mrdata.usgs.gov/to-json.php?db=sedexmvt&id=rec_id&labno=64
64,65,NA,26.09,66.82,NA,https://mrdata.usgs.gov/to-json.php?db=sedexmvt&id=rec_id&labno=65
65,66,NA,-20.25,140.15,NA,https://mrdata.usgs.gov/to-json.php?db=sedexmvt&id=rec_id&labno=66
66,67,NA,50.37,-116.95,NA,https://mrdata.usgs.gov/to-json.php?db=sedexmvt&id=rec_id&labno=67
67,68,NA,62.23,-133.14,NA,https://mrdata.usgs.gov/to-json.php?db=sedexmvt&id=rec_id&labno=68
68,69,NA,75.57,-96.2,NA,https://mrdata.usgs.gov/to-json.php?db=sedexmvt&id=rec_id&labno=69
69,70,NA,-30.8,138.13,NA,https://mrdata.usgs.gov/to-json.php?db=sedexmvt&id=rec_id&labno=70
70,71,NA,44.34,-75.26,NA,https://mrdata.usgs.gov/to-json.php?db=sedexmvt&id=rec_id&labno=71
71,72,NA,34.32,-1.44,NA,https://mrdata.usgs.gov/to-json.php?db=sedexmvt&id=rec_id&labno=72
72,73,NA,-31.17,145.65,NA,https://mrdata.usgs.gov/to-json.php?db=sedexmvt&id=rec_id&labno=73
73,74,NA,33.75,49.61,NA,https://mrdata.usgs.gov/to-json.php?db=sedexmvt&id=rec_id&labno=74
74,75,NA,66.97,-113.43,NA,https://mrdata.usgs.gov/to-json.php?db=sedexmvt&id=rec_id&labno=75
75,76,NA,-16.87,-46.52,NA,https://mrdata.usgs.gov/to-json.php?db=sedexmvt&id=rec_id&labno=76
76,77,NA,25.1,113.62,NA,https://mrdata.usgs.gov/to-json.php?db=sedexmvt&id=rec_id&labno=77
77,78,NA,62.36,-133.37,NA,https://mrdata.usgs.gov/to-json.php?db=sedexmvt&id=rec_id&labno=78
78,79,NA,36.37,9.1,NA,https://mrdata.usgs.gov/to-json.php?db=sedexmvt&id=rec_id&labno=79
79,80,NA,41.79,46.47,NA,https://mrdata.usgs.gov/to-json.php?db=sedexmvt&id=rec_id&labno=80
80,81,NA,-5.92,-78.06,NA,https://mrdata.usgs.gov/to-json.php?db=sedexmvt&id=rec_id&labno=81
81,82,NA,-18.19,125.77,NA,https://mrdata.usgs.gov/to-json.php?db=sedexmvt&id=rec_id&labno=82
82,83,NA,40.56,-75.38,NA,https://mrdata.usgs.gov/to-json.php?db=sedexmvt&id=rec_id&labno=83
83,84,NA,52.8,-7.59,NA,https://mrdata.usgs.gov/to-json.php?db=sedexmvt&id=rec_id&labno=84
84,85,NA,-29.25,18.97,NA,https://mrdata.usgs.gov/to-json.php?db=sedexmvt&id=rec_id&labno=85
85,86,NA,28.07,85.18,NA,https://mrdata.usgs.gov/to-json.php?db=sedexmvt&id=rec_id&labno=86
86,87,NA,25.8,75.25,NA,https://mrdata.usgs.gov/to-json.php?db=sedexmvt&id=rec_id&labno=87
87,88,NA,40.45,117.9,NA,https://mrdata.usgs.gov/to-json.php?db=sedexmvt&id=rec_id&labno=88
88,89,NA,53.65,-7.72,NA,https://mrdata.usgs.gov/to-json.php?db=sedexmvt&id=rec_id&labno=89
89,90,NA,64.93,-130.68,NA,https://mrdata.usgs.gov/to-json.php?db=sedexmvt&id=rec_id&labno=90
90,91,NA,45.03,-63.36,NA,https://mrdata.usgs.gov/to-json.php?db=sedexmvt&id=rec_id&labno=91
91,92,NA,-18.63,125.88,NA,https://mrdata.usgs.gov/to-json.php?db=sedexmvt&id=rec_id&labno=92
92,93,NA,58.08,93.31,NA,https://mrdata.usgs.gov/to-json.php?db=sedexmvt&id=rec_id&labno=93
93,94,NA,45.52,9.5,NA,https://mrdata.usgs.gov/to-json.php?db=sedexmvt&id=rec_id&labno=94
94,95,NA,26.97,88.65,NA,https://mrdata.usgs.gov/to-json.php?db=sedexmvt&id=rec_id&labno=95
95,96,NA,64.43,-132.52,NA,https://mrdata.usgs.gov/to-json.php?db=sedexmvt&id=rec_id&labno=96
96,97,NA,62.27,-133.22,NA,https://mrdata.usgs.gov/to-json.php?db=sedexmvt&id=rec_id&labno=97
97,98,NA,42.66,124.32,NA,https://mrdata.usgs.gov/to-json.php?db=sedexmvt&id=rec_id&labno=98
98,99,NA,27.73,66.48,NA,https://mrdata.usgs.gov/to-json.php?db=sedexmvt&id=rec_id&labno=99
99,100,NA,49.15,-117.2,NA,https://mrdata.usgs.gov/to-json.php?db=sedexmvt&id=rec_id&labno=100
100,101,NA,53.27,-6.86,NA,https://mrdata.usgs.gov/to-json.php?db=sedexmvt&id=rec_id&labno=101
101,102,NA,-20.57,139.47,NA,https://mrdata.usgs.gov/to-json.php?db=sedexmvt&id=rec_id&labno=102
102,103,NA,25.3,111.72,NA,https://mrdata.usgs.gov/to-json.php?db=sedexmvt&id=rec_id&labno=103
103,104,NA,62.45,-129.18,NA,https://mrdata.usgs.gov/to-json.php?db=sedexmvt&id=rec_id&labno=104
104,105,NA,28.41,109.41,NA,https://mrdata.usgs.gov/to-json.php?db=sedexmvt&id=rec_id&labno=105
105,106,NA,41.28,106.68,NA,https://mrdata.usgs.gov/to-json.php?db=sedexmvt&id=rec_id&labno=106
106,107,NA,44.3,-75.33,NA,https://mrdata.usgs.gov/to-json.php?db=sedexmvt&id=rec_id&labno=107
107,108,NA,-16.43,136.1,NA,https://mrdata.usgs.gov/to-json.php?db=sedexmvt&id=rec_id&labno=108
108,109,NA,36.37,-83.41,NA,https://mrdata.usgs.gov/to-json.php?db=sedexmvt&id=rec_id&labno=109
109,110,NA,38.08,-90.88,NA,https://mrdata.usgs.gov/to-json.php?db=sedexmvt&id=rec_id&labno=110
110,111,NA,32.55,51.68,NA,https://mrdata.usgs.gov/to-json.php?db=sedexmvt&id=rec_id&labno=111
111,112,NA,25.5,37.25,NA,https://mrdata.usgs.gov/to-json.php?db=sedexmvt&id=rec_id&labno=112
112,113,NA,-15.05,-44.75,NA,https://mrdata.usgs.gov/to-json.php?db=sedexmvt&id=rec_id&labno=113
113,114,NA,63.15,-130.26,NA,https://mrdata.usgs.gov/to-json.php?db=sedexmvt&id=rec_id&labno=114
114,115,NA,49.1,-117.22,NA,https://mrdata.usgs.gov/to-json.php?db=sedexmvt&id=rec_id&labno=115
115,116,NA,41.23,109.25,NA,https://mrdata.usgs.gov/to-json.php?db=sedexmvt&id=rec_id&labno=116
116,117,NA,45.98,-60.96,NA,https://mrdata.usgs.gov/to-json.php?db=sedexmvt&id=rec_id&labno=117
117,118,NA,-18.57,138.84,NA,https://mrdata.usgs.gov/to-json.php?db=sedexmvt&id=rec_id&labno=118
118,119,NA,26.51,74.65,NA,https://mrdata.usgs.gov/to-json.php?db=sedexmvt&id=rec_id&labno=119
119,120,NA,-18.73,126.01,NA,https://mrdata.usgs.gov/to-json.php?db=sedexmvt&id=rec_id&labno=120
120,121,NA,26.53,74.69,NA,https://mrdata.usgs.gov/to-json.php?db=sedexmvt&id=rec_id&labno=121
121,122,NA,53.65,-7.73,NA,https://mrdata.usgs.gov/to-json.php?db=sedexmvt&id=rec_id&labno=122
122,123,NA,35.46,5.28,NA,https://mrdata.usgs.gov/to-json.php?db=sedexmvt&id=rec_id&labno=123
123,124,NA,55.85,109.8,NA,https://mrdata.usgs.gov/to-json.php?db=sedexmvt&id=rec_id&labno=124
124,125,NA,41.0,129.65,NA,https://mrdata.usgs.gov/to-json.php?db=sedexmvt&id=rec_id&labno=125
125,126,NA,49.74,-115.61,NA,https://mrdata.usgs.gov/to-json.php?db=sedexmvt&id=rec_id&labno=126
126,127,NA,26.6,103.98,NA,https://mrdata.usgs.gov/to-json.php?db=sedexmvt&id=rec_id&labno=127
127,128,NA,28.5,52.5,NA,https://mrdata.usgs.gov/to-json.php?db=sedexmvt&id=rec_id&labno=128
128,129,NA,31.75,55.75,NA,https://mrdata.usgs.gov/to-json.php?db=sedexmvt&id=rec_id&labno=129
129,130,NA,-19.77,139.07,NA,https://mrdata.usgs.gov/to-json.php?db=sedexmvt&id=rec_id&labno=130
130,131,NA,47.36,11.45,NA,https://mrdata.usgs.gov/to-json.php?db=sedexmvt&id=rec_id&labno=131
131,132,NA,43.89,4.28,NA,https://mrdata.usgs.gov/to-json.php?db=sedexmvt&id=rec_id&labno=132
132,133,NA,68.17,-163.2,NA,https://mrdata.usgs.gov/to-json.php?db=sedexmvt&id=rec_id&labno=133
133,134,NA,52.75,-7.75,NA,https://mrdata.usgs.gov/to-json.php?db=sedexmvt&id=rec_id&labno=134
134,135,NA,34.0,105.07,NA,https://mrdata.usgs.gov/to-json.php?db=sedexmvt&id=rec_id&labno=135
135,136,NA,26.5,74.67,NA,https://mrdata.usgs.gov/to-json.php?db=sedexmvt&id=rec_id&labno=136
136,137,NA,37.63,-91.08,NA,https://mrdata.usgs.gov/to-json.php?db=sedexmvt&id=rec_id&labno=137
137,138,NA,27.38,103.05,NA,https://mrdata.usgs.gov/to-json.php?db=sedexmvt&id=rec_id&labno=138
138,139,NA,-21.58,140.92,NA,https://mrdata.usgs.gov/to-json.php?db=sedexmvt&id=rec_id&labno=139
139,140,NA,22.43,-83.43,NA,https://mrdata.usgs.gov/to-json.php?db=sedexmvt&id=rec_id&labno=140
140,141,NA,51.13,8.08,NA,https://mrdata.usgs.gov/to-json.php?db=sedexmvt&id=rec_id&labno=141
141,142,NA,31.73,54.99,NA,https://mrdata.usgs.gov/to-json.php?db=sedexmvt&id=rec_id&labno=142
142,143,NA,60.35,-127.4,NA,https://mrdata.usgs.gov/to-json.php?db=sedexmvt&id=rec_id&labno=143
143,144,NA,46.3,14.52,NA,https://mrdata.usgs.gov/to-json.php?db=sedexmvt&id=rec_id&labno=144
144,145,NA,24.36,73.72,NA,https://mrdata.usgs.gov/to-json.php?db=sedexmvt&id=rec_id&labno=145
145,146,NA,66.28,14.12,NA,https://mrdata.usgs.gov/to-json.php?db=sedexmvt&id=rec_id&labno=146
146,147,NA,25.0,74.13,NA,https://mrdata.usgs.gov/to-json.php?db=sedexmvt&id=rec_id&labno=147
147,148,NA,51.43,-116.45,NA,https://mrdata.usgs.gov/to-json.php?db=sedexmvt&id=rec_id&labno=148
148,149,NA,-17.32,-46.8,NA,https://mrdata.usgs.gov/to-json.php?db=sedexmvt&id=rec_id&labno=149
149,150,NA,-20.73,139.48,NA,https://mrdata.usgs.gov/to-json.php?db=sedexmvt&id=rec_id&labno=150
150,151,NA,-34.88,139.3,NA,https://mrdata.usgs.gov/to-json.php?db=sedexmvt&id=rec_id&labno=151
151,152,NA,53.45,-7.68,NA,https://mrdata.usgs.gov/to-json.php?db=sedexmvt&id=rec_id&labno=152
152,153,NA,73.06,-84.51,NA,https://mrdata.usgs.gov/to-json.php?db=sedexmvt&id=rec_id&labno=153
153,154,NA,-17.26,124.73,NA,https://mrdata.usgs.gov/to-json.php?db=sedexmvt&id=rec_id&labno=154
154,155,NA,53.66,-6.68,NA,https://mrdata.usgs.gov/to-json.php?db=sedexmvt&id=rec_id&labno=155
155,156,NA,50.28,-57.47,NA,https://mrdata.usgs.gov/to-json.php?db=sedexmvt&id=rec_id&labno=156
156,157,NA,26.24,107.66,NA,https://mrdata.usgs.gov/to-json.php?db=sedexmvt&id=rec_id&labno=157
157,158,NA,40.98,-106.49,NA,https://mrdata.usgs.gov/to-json.php?db=sedexmvt&id=rec_id&labno=158
158,159,NA,-13.0,-43.5,NA,https://mrdata.usgs.gov/to-json.php?db=sedexmvt&id=rec_id&labno=159
159,160,NA,71.13,-51.7,NA,https://mrdata.usgs.gov/to-json.php?db=sedexmvt&id=rec_id&labno=160
160,161,NA,53.77,-7.13,NA,https://mrdata.usgs.gov/to-json.php?db=sedexmvt&id=rec_id&labno=161
161,162,NA,24.27,73.69,NA,https://mrdata.usgs.gov/to-json.php?db=sedexmvt&id=rec_id&labno=162
162,163,NA,72.92,55.17,NA,https://mrdata.usgs.gov/to-json.php?db=sedexmvt&id=rec_id&labno=163
163,164,NA,-21.84,140.68,NA,https://mrdata.usgs.gov/to-json.php?db=sedexmvt&id=rec_id&labno=164
164,165,NA,48.9,-117.3,NA,https://mrdata.usgs.gov/to-json.php?db=sedexmvt&id=rec_id&labno=165
165,166,NA,-24.85,-49.0,NA,https://mrdata.usgs.gov/to-json.php?db=sedexmvt&id=rec_id&labno=166
166,167,NA,-27.43,24.27,NA,https://mrdata.usgs.gov/to-json.php?db=sedexmvt&id=rec_id&labno=167
167,168,NA,43.1,-4.56,NA,https://mrdata.usgs.gov/to-json.php?db=sedexmvt&id=rec_id&labno=168
168,169,NA,44.5,-75.02,NA,https://mrdata.usgs.gov/to-json.php?db=sedexmvt&id=rec_id&labno=169
169,170,NA,-18.32,125.77,NA,https://mrdata.usgs.gov/to-json.php?db=sedexmvt&id=rec_id&labno=170
170,171,NA,-32.09,141.39,NA,https://mrdata.usgs.gov/to-json.php?db=sedexmvt&id=rec_id&labno=171
171,172,NA,75.38,-96.95,NA,https://mrdata.usgs.gov/to-json.php?db=sedexmvt&id=rec_id&labno=172
172,173,NA,61.58,-124.83,NA,https://mrdata.usgs.gov/to-json.php?db=sedexmvt&id=rec_id&labno=173
173,174,NA,33.59,110.79,NA,https://mrdata.usgs.gov/to-json.php?db=sedexmvt&id=rec_id&labno=174
174,175,NA,26.6,103.8,NA,https://mrdata.usgs.gov/to-json.php?db=sedexmvt&id=rec_id&labno=175
175,176,NA,32.14,118.98,NA,https://mrdata.usgs.gov/to-json.php?db=sedexmvt&id=rec_id&labno=176
176,177,NA,46.44,13.6,NA,https://mrdata.usgs.gov/to-json.php?db=sedexmvt&id=rec_id&labno=177
177,178,NA,24.98,74.13,NA,https://mrdata.usgs.gov/to-json.php?db=sedexmvt&id=rec_id&labno=178
178,179,NA,51.88,10.42,NA,https://mrdata.usgs.gov/to-json.php?db=sedexmvt&id=rec_id&labno=179
179,180,NA,25.83,74.73,NA,https://mrdata.usgs.gov/to-json.php?db=sedexmvt&id=rec_id&labno=180
180,181,NA,27.17,88.53,NA,https://mrdata.usgs.gov/to-json.php?db=sedexmvt&id=rec_id&labno=181
181,182,NA,68.07,-162.8,NA,https://mrdata.usgs.gov/to-json.php?db=sedexmvt&id=rec_id&labno=182
182,183,NA,63.41,-154.25,NA,https://mrdata.usgs.gov/to-json.php?db=sedexmvt&id=rec_id&labno=183
183,184,NA,49.02,-117.37,NA,https://mrdata.usgs.gov/to-json.php?db=sedexmvt&id=rec_id&labno=184
184,185,NA,43.28,-4.41,NA,https://mrdata.usgs.gov/to-json.php?db=sedexmvt&id=rec_id&labno=185
185,186,NA,25.1,74.37,NA,https://mrdata.usgs.gov/to-json.php?db=sedexmvt&id=rec_id&labno=186
186,187,NA,53.9,6.82,NA,https://mrdata.usgs.gov/to-json.php?db=sedexmvt&id=rec_id&labno=187
187,188,NA,51.13,-118.41,NA,https://mrdata.usgs.gov/to-json.php?db=sedexmvt&id=rec_id&labno=188
188,189,NA,56.93,-123.72,NA,https://mrdata.usgs.gov/to-json.php?db=sedexmvt&id=rec_id&labno=189
189,190,NA,-27.95,16.77,NA,https://mrdata.usgs.gov/to-json.php?db=sedexmvt&id=rec_id&labno=190
190,191,NA,51.27,-118.98,NA,https://mrdata.usgs.gov/to-json.php?db=sedexmvt&id=rec_id&labno=191
191,192,NA,27.65,75.53,NA,https://mrdata.usgs.gov/to-json.php?db=sedexmvt&id=rec_id&labno=192
192,193,NA,46.34,12.4,NA,https://mrdata.usgs.gov/to-json.php?db=sedexmvt&id=rec_id&labno=193
193,194,NA,25.35,74.55,NA,https://mrdata.usgs.gov/to-json.php?db=sedexmvt&id=rec_id&labno=194
194,195,NA,-11.23,-75.35,NA,https://mrdata.usgs.gov/to-json.php?db=sedexmvt&id=rec_id&labno=195
195,196,NA,22.65,-83.98,NA,https://mrdata.usgs.gov/to-json.php?db=sedexmvt&id=rec_id&labno=196
196,197,NA,60.19,136.48,NA,https://mrdata.usgs.gov/to-json.php?db=sedexmvt&id=rec_id&labno=197
197,198,NA,25.75,75.22,NA,https://mrdata.usgs.gov/to-json.php?db=sedexmvt&id=rec_id&labno=198
198,199,NA,50.42,6.02,NA,https://mrdata.usgs.gov/to-json.php?db=sedexmvt&id=rec_id&labno=199
199,200,NA,43.15,23.54,NA,https://mrdata.usgs.gov/to-json.php?db=sedexmvt&id=rec_id&labno=200
200,201,NA,39.14,-106.17,NA,https://mrdata.usgs.gov/to-json.php?db=sedexmvt&id=rec_id&labno=201
201,202,NA,25.07,109.53,NA,https://mrdata.usgs.gov/to-json.php?db=sedexmvt&id=rec_id&labno=202
202,203,NA,52.79,-8.27,NA,https://mrdata.usgs.gov/to-json.php?db=sedexmvt&id=rec_id&labno=203
203,204,NA,25.0,74.17,NA,https://mrdata.usgs.gov/to-json.php?db=sedexmvt&id=rec_id&labno=204
204,205,NA,24.01,74.23,NA,https://mrdata.usgs.gov/to-json.php?db=sedexmvt&id=rec_id&labno=205
205,206,NA,-15.45,128.97,NA,https://mrdata.usgs.gov/to-json.php?db=sedexmvt&id=rec_id&labno=206
206,207,NA,57.51,-125.15,NA,https://mrdata.usgs.gov/to-json.php?db=sedexmvt&id=rec_id&labno=207
207,208,NA,25.35,74.57,NA,https://mrdata.usgs.gov/to-json.php?db=sedexmvt&id=rec_id&labno=208
208,209,NA,68.16,-163.21,NA,https://mrdata.usgs.gov/to-json.php?db=sedexmvt&id=rec_id&labno=209
209,210,NA,49.71,-116.01,NA,https://mrdata.usgs.gov/to-json.php?db=sedexmvt&id=rec_id&labno=210
210,211,NA,41.22,71.34,NA,https://mrdata.usgs.gov/to-json.php?db=sedexmvt&id=rec_id&labno=211
211,212,NA,62.21,-133.03,NA,https://mrdata.usgs.gov/to-json.php?db=sedexmvt&id=rec_id&labno=212
212,213,NA,40.93,106.73,NA,https://mrdata.usgs.gov/to-json.php?db=sedexmvt&id=rec_id&labno=213
213,214,NA,53.69,-6.74,NA,https://mrdata.usgs.gov/to-json.php?db=sedexmvt&id=rec_id&labno=214
214,215,NA,26.95,102.2,NA,https://mrdata.usgs.gov/to-json.php?db=sedexmvt&id=rec_id&labno=215
215,216,NA,25.76,75.24,NA,https://mrdata.usgs.gov/to-json.php?db=sedexmvt&id=rec_id&labno=216
216,217,NA,25.34,74.54,NA,https://mrdata.usgs.gov/to-json.php?db=sedexmvt&id=rec_id&labno=217
217,218,NA,63.17,-130.14,NA,https://mrdata.usgs.gov/to-json.php?db=sedexmvt&id=rec_id&labno=218
218,219,NA,34.62,109.98,NA,https://mrdata.usgs.gov/to-json.php?db=sedexmvt&id=rec_id&labno=219
219,220,NA,34.3,-1.48,NA,https://mrdata.usgs.gov/to-json.php?db=sedexmvt&id=rec_id&labno=220
220,221,NA,-12.33,-41.8,NA,https://mrdata.usgs.gov/to-json.php?db=sedexmvt&id=rec_id&labno=221
221,222,NA,44.13,3.39,NA,https://mrdata.usgs.gov/to-json.php?db=sedexmvt&id=rec_id&labno=222
222,223,NA,44.67,-114.25,NA,https://mrdata.usgs.gov/to-json.php?db=sedexmvt&id=rec_id&labno=223
223,224,NA,42.77,-2.28,NA,https://mrdata.usgs.gov/to-json.php?db=sedexmvt&id=rec_id&labno=224
224,225,NA,-18.78,13.41,NA,https://mrdata.usgs.gov/to-json.php?db=sedexmvt&id=rec_id&labno=225
225,226,NA,53.16,-8.34,NA,https://mrdata.usgs.gov/to-json.php?db=sedexmvt&id=rec_id&labno=226
226,227,NA,25.63,34.45,NA,https://mrdata.usgs.gov/to-json.php?db=sedexmvt&id=rec_id&labno=227
227,228,NA,45.68,-72.67,NA,https://mrdata.usgs.gov/to-json.php?db=sedexmvt&id=rec_id&labno=228
228,229,NA,63.48,148.42,NA,https://mrdata.usgs.gov/to-json.php?db=sedexmvt&id=rec_id&labno=229
229,230,NA,48.76,-117.76,NA,https://mrdata.usgs.gov/to-json.php?db=sedexmvt&id=rec_id&labno=230
230,231,NA,62.25,-133.18,NA,https://mrdata.usgs.gov/to-json.php?db=sedexmvt&id=rec_id&labno=231
231,232,NA,37.73,-91.13,NA,https://mrdata.usgs.gov/to-json.php?db=sedexmvt&id=rec_id&labno=232
232,233,NA,44.13,3.45,NA,https://mrdata.usgs.gov/to-json.php?db=sedexmvt&id=rec_id&labno=233
233,234,NA,-17.18,124.63,NA,https://mrdata.usgs.gov/to-json.php?db=sedexmvt&id=rec_id&labno=234
234,235,NA,45.21,-64.04,NA,https://mrdata.usgs.gov/to-json.php?db=sedexmvt&id=rec_id&labno=235
235,236,NA,37.51,-91.12,NA,https://mrdata.usgs.gov/to-json.php?db=sedexmvt&id=rec_id&labno=236
236,237,NA,33.1,109.15,NA,https://mrdata.usgs.gov/to-json.php?db=sedexmvt&id=rec_id&labno=237
237,238,NA,38.33,36.32,NA,https://mrdata.usgs.gov/to-json.php?db=sedexmvt&id=rec_id&labno=238
238,239,NA,33.75,106.84,NA,https://mrdata.usgs.gov/to-json.php?db=sedexmvt&id=rec_id&labno=239
239,240,NA,24.33,73.68,NA,https://mrdata.usgs.gov/to-json.php?db=sedexmvt&id=rec_id&labno=240
