,path,deposit_id,name,latitude,longitude,deposit_type,url
0,mrdata_json/sedexmvt/223.json,223,['Triumph'],44.67,-114.25,"['cc-hst', 'CD', 'sedex']",https://mrdata.usgs.gov/to-json.php?db=sedexmvt&id=rec_id&labno=223
1,mrdata_json/sedexmvt/232.json,232,['Viburnum #27'],37.73,-91.13,['MVT'],https://mrdata.usgs.gov/to-json.php?db=sedexmvt&id=rec_id&labno=232
2,mrdata_json/sedexmvt/7.json,7,['Ambaji'],24.33,72.85,"['VMS', 'CD', 'sedex']",https://mrdata.usgs.gov/to-json.php?db=sedexmvt&id=rec_id&labno=7
3,mrdata_json/sedexmvt/183.json,183,['Reef Ridge'],63.41,-154.25,['MVT'],https://mrdata.usgs.gov/to-json.php?db=sedexmvt&id=rec_id&labno=183
4,mrdata_json/sedexmvt/225.json,225,['Tsongoari'],-18.78,13.41,"['sh-hst', 'carb-hst', 'CD', 'sedex']",https://mrdata.usgs.gov/to-json.php?db=sedexmvt&id=rec_id&labno=225
5,mrdata_json/sedexmvt/95.json,95,['Gorubathan'],26.97,88.65,"['unclassified', 'CD', 'sedex']",https://mrdata.usgs.gov/to-json.php?db=sedexmvt&id=rec_id&labno=95
6,mrdata_json/sedexmvt/176.json,176,['Qixiashan'],32.14,118.98,"['MVT', 'CD']",https://mrdata.usgs.gov/to-json.php?db=sedexmvt&id=rec_id&labno=176
7,mrdata_json/sedexmvt/199.json,199,['Schmalgraf'],50.42,6.02,['MVT'],https://mrdata.usgs.gov/to-json.php?db=sedexmvt&id=rec_id&labno=199
8,mrdata_json/sedexmvt/205.json,205,['Sindesar Khurd'],24.01,74.23,"['unclassified', 'carb-hst', 'CD', 'sedex']",https://mrdata.usgs.gov/to-json.php?db=sedexmvt&id=rec_id&labno=205
9,mrdata_json/sedexmvt/98.json,98,['Guanmenshan'],42.66,124.32,"['UN', 'MVT']",https://mrdata.usgs.gov/to-json.php?db=sedexmvt&id=rec_id&labno=98
10,mrdata_json/sedexmvt/97.json,97,['Grum'],62.27,-133.22,"['sh-hst', 'CD', 'sedex']",https://mrdata.usgs.gov/to-json.php?db=sedexmvt&id=rec_id&labno=97
11,mrdata_json/sedexmvt/18.json,18,['Baroi'],24.32,73.68,"['carb-hst', 'CD', 'sedex']",https://mrdata.usgs.gov/to-json.php?db=sedexmvt&id=rec_id&labno=18
12,mrdata_json/sedexmvt/79.json,79,['Fedj-el Adoum'],36.37,9.1,"['salt dome', 'MVT']",https://mrdata.usgs.gov/to-json.php?db=sedexmvt&id=rec_id&labno=79
13,mrdata_json/sedexmvt/46.json,46,['Carrickittle'],52.51,-8.37,"['MVT', 'Irish']",https://mrdata.usgs.gov/to-json.php?db=sedexmvt&id=rec_id&labno=46
14,mrdata_json/sedexmvt/96.json,96,['Goz Creek'],64.43,-132.52,['MVT'],https://mrdata.usgs.gov/to-json.php?db=sedexmvt&id=rec_id&labno=96
15,mrdata_json/sedexmvt/190.json,190,['Rosh Pinah'],-27.95,16.77,"['cc-hst', 'VMS', 'CD', 'sedex']",https://mrdata.usgs.gov/to-json.php?db=sedexmvt&id=rec_id&labno=190
16,mrdata_json/sedexmvt/132.json,132,['Les Malines'],43.89,4.28,['MVT'],https://mrdata.usgs.gov/to-json.php?db=sedexmvt&id=rec_id&labno=132
17,mrdata_json/sedexmvt/210.json,210,['Sullivan'],49.71,-116.01,"['cc-hst', 'CD', 'sedex']",https://mrdata.usgs.gov/to-json.php?db=sedexmvt&id=rec_id&labno=210
18,mrdata_json/sedexmvt/68.json,68,['Dy'],62.23,-133.14,"['sh-hst', 'CD', 'sedex']",https://mrdata.usgs.gov/to-json.php?db=sedexmvt&id=rec_id&labno=68
19,mrdata_json/sedexmvt/38.json,38,['Broken Hill'],-29.23,18.78,"['BHT', 'CD', 'sedex']",https://mrdata.usgs.gov/to-json.php?db=sedexmvt&id=rec_id&labno=38
20,mrdata_json/sedexmvt/75.json,75,['Esker'],66.97,-113.43,['MVT'],https://mrdata.usgs.gov/to-json.php?db=sedexmvt&id=rec_id&labno=75
21,mrdata_json/sedexmvt/198.json,198,['Sawar'],25.75,75.22,"['carb-hst', 'CD', 'sedex']",https://mrdata.usgs.gov/to-json.php?db=sedexmvt&id=rec_id&labno=198
22,mrdata_json/sedexmvt/59.json,59,['Deri'],24.38,72.83,"['VMS', 'CD', 'sedex']",https://mrdata.usgs.gov/to-json.php?db=sedexmvt&id=rec_id&labno=59
23,mrdata_json/sedexmvt/99.json,99,['Gunga'],27.73,66.48,"['UN', 'carb-hst', 'sedex']",https://mrdata.usgs.gov/to-json.php?db=sedexmvt&id=rec_id&labno=99
24,mrdata_json/sedexmvt/159.json,159,['Nova Redencao'],-13.0,-43.5,['MVT'],https://mrdata.usgs.gov/to-json.php?db=sedexmvt&id=rec_id&labno=159
25,mrdata_json/sedexmvt/108.json,108,['HYC'],-16.43,136.1,"['CR', 'cc-hst', 'CD', 'sedex']",https://mrdata.usgs.gov/to-json.php?db=sedexmvt&id=rec_id&labno=108
26,mrdata_json/sedexmvt/116.json,116,['Jiashengpan'],41.23,109.25,"['sh-hst', 'carb-hst', 'CD', 'sedex']",https://mrdata.usgs.gov/to-json.php?db=sedexmvt&id=rec_id&labno=116
27,mrdata_json/sedexmvt/115.json,115,['Jersey'],49.1,-117.22,"['MVT', 'carb-hst', 'CD', 'sedex']",https://mrdata.usgs.gov/to-json.php?db=sedexmvt&id=rec_id&labno=115
28,mrdata_json/sedexmvt/180.json,180,['Rampura-Agucha'],25.83,74.73,"['unclassified', 'CD', 'sedex']",https://mrdata.usgs.gov/to-json.php?db=sedexmvt&id=rec_id&labno=180
29,mrdata_json/sedexmvt/121.json,121,['Kayar'],26.53,74.69,"['unclassified', 'CD', 'sedex']",https://mrdata.usgs.gov/to-json.php?db=sedexmvt&id=rec_id&labno=121
30,mrdata_json/sedexmvt/19.json,19,['Bayindir'],38.17,27.35,"['cc-hst', 'CD', 'sedex']",https://mrdata.usgs.gov/to-json.php?db=sedexmvt&id=rec_id&labno=19
31,mrdata_json/sedexmvt/228.json,228,['Upton'],45.68,-72.67,['MVT'],https://mrdata.usgs.gov/to-json.php?db=sedexmvt&id=rec_id&labno=228
32,mrdata_json/sedexmvt/136.json,136,['Madarpura'],26.5,74.67,"['unclassified', 'CD', 'sedex']",https://mrdata.usgs.gov/to-json.php?db=sedexmvt&id=rec_id&labno=136
33,mrdata_json/sedexmvt/158.json,158,['North Park'],40.98,-106.49,"['unclassified', 'CD', 'sedex']",https://mrdata.usgs.gov/to-json.php?db=sedexmvt&id=rec_id&labno=158
34,mrdata_json/sedexmvt/175.json,175,['Qilinchang'],26.6,103.8,['MVT'],https://mrdata.usgs.gov/to-json.php?db=sedexmvt&id=rec_id&labno=175
35,mrdata_json/sedexmvt/12.json,12,['Bafangshan'],33.59,106.88,"['carb-hst', 'CD', 'sedex']",https://mrdata.usgs.gov/to-json.php?db=sedexmvt&id=rec_id&labno=12
36,mrdata_json/sedexmvt/13.json,13,['Bajta Central'],25.83,75.27,"['carb-hst', 'CD', 'sedex']",https://mrdata.usgs.gov/to-json.php?db=sedexmvt&id=rec_id&labno=13
37,mrdata_json/sedexmvt/188.json,188,['River Jordan'],51.13,-118.41,"['cc-hst', 'CD', 'sedex']",https://mrdata.usgs.gov/to-json.php?db=sedexmvt&id=rec_id&labno=188
38,mrdata_json/sedexmvt/237.json,237,['Xidinggou'],33.1,109.15,"['carb-hst', 'CD', 'sedex']",https://mrdata.usgs.gov/to-json.php?db=sedexmvt&id=rec_id&labno=237
39,mrdata_json/sedexmvt/36.json,36,['Boukdema-Kef Semmah'],36.21,4.89,['MVT'],https://mrdata.usgs.gov/to-json.php?db=sedexmvt&id=rec_id&labno=36
40,mrdata_json/sedexmvt/6.json,6,['Allenwood West'],53.29,6.9,['MVT'],https://mrdata.usgs.gov/to-json.php?db=sedexmvt&id=rec_id&labno=6
41,mrdata_json/sedexmvt/94.json,94,['Gorno'],45.52,9.5,['MVT'],https://mrdata.usgs.gov/to-json.php?db=sedexmvt&id=rec_id&labno=94
42,mrdata_json/sedexmvt/22.json,22,['Berg Aukas'],-19.57,18.26,['MVT'],https://mrdata.usgs.gov/to-json.php?db=sedexmvt&id=rec_id&labno=22
43,mrdata_json/sedexmvt/125.json,125,['Komdok'],41.0,129.65,"['UN', 'MVT']",https://mrdata.usgs.gov/to-json.php?db=sedexmvt&id=rec_id&labno=125
44,mrdata_json/sedexmvt/167.json,167,['Pering'],-27.43,24.27,['MVT'],https://mrdata.usgs.gov/to-json.php?db=sedexmvt&id=rec_id&labno=167
45,mrdata_json/sedexmvt/212.json,212,['Swim'],62.21,-133.03,"['sh-hst', 'CD', 'sedex']",https://mrdata.usgs.gov/to-json.php?db=sedexmvt&id=rec_id&labno=212
46,mrdata_json/sedexmvt/76.json,76,['Fagundes'],-16.87,-46.52,['MVT'],https://mrdata.usgs.gov/to-json.php?db=sedexmvt&id=rec_id&labno=76
47,mrdata_json/sedexmvt/226.json,226,['Tynagh'],53.16,-8.34,"['MVT', 'Irish']",https://mrdata.usgs.gov/to-json.php?db=sedexmvt&id=rec_id&labno=226
48,mrdata_json/sedexmvt/218.json,218,['Tom'],63.17,-130.14,"['sh-hst', 'CD', 'sedex']",https://mrdata.usgs.gov/to-json.php?db=sedexmvt&id=rec_id&labno=218
49,mrdata_json/sedexmvt/142.json,142,['Mehdiabad'],31.73,54.99,['MVT'],https://mrdata.usgs.gov/to-json.php?db=sedexmvt&id=rec_id&labno=142
50,mrdata_json/sedexmvt/165.json,165,['Pend Oreille-Yellowhead'],48.9,-117.3,"['MVT', 'Irish']",https://mrdata.usgs.gov/to-json.php?db=sedexmvt&id=rec_id&labno=165
51,mrdata_json/sedexmvt/130.json,130,['Lady Loretta'],-19.77,139.07,"['CR', 'cc-hst', 'CD', 'sedex']",https://mrdata.usgs.gov/to-json.php?db=sedexmvt&id=rec_id&labno=130
52,mrdata_json/sedexmvt/1.json,1,['Abbeytown'],54.22,-8.53,"['MVT', 'Irish']",https://mrdata.usgs.gov/to-json.php?db=sedexmvt&id=rec_id&labno=1
53,mrdata_json/sedexmvt/63.json,63,['Dongshengmiao'],41.65,106.72,"['carb-hst', 'CD', 'sedex']",https://mrdata.usgs.gov/to-json.php?db=sedexmvt&id=rec_id&labno=63
54,mrdata_json/sedexmvt/231.json,231,['Vangorda'],62.25,-133.18,"['sh-hst', 'CD', 'sedex']",https://mrdata.usgs.gov/to-json.php?db=sedexmvt&id=rec_id&labno=231
55,mrdata_json/sedexmvt/82.json,82,['Fossil Downs'],-18.19,125.77,['MVT'],https://mrdata.usgs.gov/to-json.php?db=sedexmvt&id=rec_id&labno=82
56,mrdata_json/sedexmvt/42.json,42,['Cadieux'],45.41,-76.71,"['carb-hst', 'CD', 'sedex']",https://mrdata.usgs.gov/to-json.php?db=sedexmvt&id=rec_id&labno=42
57,mrdata_json/sedexmvt/144.json,144,['Mezica'],46.3,14.52,['MVT'],https://mrdata.usgs.gov/to-json.php?db=sedexmvt&id=rec_id&labno=144
58,mrdata_json/sedexmvt/40.json,40,['Bulman'],-13.42,134.41,['MVT'],https://mrdata.usgs.gov/to-json.php?db=sedexmvt&id=rec_id&labno=40
59,mrdata_json/sedexmvt/35.json,35,['Bou Jabeur'],35.78,8.28,"['salt dome', 'MVT']",https://mrdata.usgs.gov/to-json.php?db=sedexmvt&id=rec_id&labno=35
60,mrdata_json/sedexmvt/181.json,181,['Rangpo'],27.17,88.53,"['unclassified', 'cc-hst', 'CD', 'sedex']",https://mrdata.usgs.gov/to-json.php?db=sedexmvt&id=rec_id&labno=181
61,mrdata_json/sedexmvt/229.json,229,['Urultun'],63.48,148.42,['MVT'],https://mrdata.usgs.gov/to-json.php?db=sedexmvt&id=rec_id&labno=229
62,mrdata_json/sedexmvt/215.json,215,['Tianbaoshan'],26.95,102.2,['MVT'],https://mrdata.usgs.gov/to-json.php?db=sedexmvt&id=rec_id&labno=215
63,mrdata_json/sedexmvt/204.json,204,['Sindesar Kalan East'],25.0,74.17,"['unclassified', 'CD', 'sedex']",https://mrdata.usgs.gov/to-json.php?db=sedexmvt&id=rec_id&labno=204
64,mrdata_json/sedexmvt/113.json,113,['Januaria'],-15.05,-44.75,['MVT'],https://mrdata.usgs.gov/to-json.php?db=sedexmvt&id=rec_id&labno=113
65,mrdata_json/sedexmvt/39.json,39,['Buick'],37.58,-91.13,['MVT'],https://mrdata.usgs.gov/to-json.php?db=sedexmvt&id=rec_id&labno=39
66,mrdata_json/sedexmvt/143.json,143,['Mel'],60.35,-127.4,"['carb-hst', 'CD', 'sedex']",https://mrdata.usgs.gov/to-json.php?db=sedexmvt&id=rec_id&labno=143
67,mrdata_json/sedexmvt/110.json,110,['Indian Creek'],38.08,-90.88,['MVT'],https://mrdata.usgs.gov/to-json.php?db=sedexmvt&id=rec_id&labno=110
68,mrdata_json/sedexmvt/31.json,31,['Blende'],64.4,-134.67,"['UN', 'MVT']",https://mrdata.usgs.gov/to-json.php?db=sedexmvt&id=rec_id&labno=31
69,mrdata_json/sedexmvt/106.json,106,['Huogeqi'],41.28,106.68,"['cc-hst', 'CD', 'sedex']",https://mrdata.usgs.gov/to-json.php?db=sedexmvt&id=rec_id&labno=106
70,mrdata_json/sedexmvt/72.json,72,['El Abed'],34.32,-1.44,['MVT'],https://mrdata.usgs.gov/to-json.php?db=sedexmvt&id=rec_id&labno=72
71,mrdata_json/sedexmvt/3.json,3,['Admiral Bay'],-19.23,122.28,['MVT'],https://mrdata.usgs.gov/to-json.php?db=sedexmvt&id=rec_id&labno=3
72,mrdata_json/sedexmvt/81.json,81,['Florida Canyon'],-5.92,-78.06,['MVT'],https://mrdata.usgs.gov/to-json.php?db=sedexmvt&id=rec_id&labno=81
73,mrdata_json/sedexmvt/118.json,118,['Kamarga'],-18.57,138.84,['MVT'],https://mrdata.usgs.gov/to-json.php?db=sedexmvt&id=rec_id&labno=118
74,mrdata_json/sedexmvt/192.json,192,['Saladipura'],27.65,75.53,"['unclassified', 'CD', 'sedex']",https://mrdata.usgs.gov/to-json.php?db=sedexmvt&id=rec_id&labno=192
75,mrdata_json/sedexmvt/102.json,102,['Hilton-George Fisher'],-20.57,139.47,"['CR', 'cc-hst', 'CD', 'sedex']",https://mrdata.usgs.gov/to-json.php?db=sedexmvt&id=rec_id&labno=102
76,mrdata_json/sedexmvt/83.json,83,['Friedensville'],40.56,-75.38,['MVT'],https://mrdata.usgs.gov/to-json.php?db=sedexmvt&id=rec_id&labno=83
77,mrdata_json/sedexmvt/153.json,153,['Nanisivik'],73.06,-84.51,['MVT'],https://mrdata.usgs.gov/to-json.php?db=sedexmvt&id=rec_id&labno=153
78,mrdata_json/sedexmvt/203.json,203,['Silvermines'],52.79,-8.27,"['MVT', 'Irish']",https://mrdata.usgs.gov/to-json.php?db=sedexmvt&id=rec_id&labno=203
79,mrdata_json/sedexmvt/55.json,55,['Courtbrown'],52.64,-8.98,"['MVT', 'Irish']",https://mrdata.usgs.gov/to-json.php?db=sedexmvt&id=rec_id&labno=55
80,mrdata_json/sedexmvt/177.json,177,['Raibl'],46.44,13.6,['MVT'],https://mrdata.usgs.gov/to-json.php?db=sedexmvt&id=rec_id&labno=177
81,mrdata_json/sedexmvt/147.json,147,['Mokanpura North'],25.0,74.13,"['carb-hst', 'CD', 'sedex']",https://mrdata.usgs.gov/to-json.php?db=sedexmvt&id=rec_id&labno=147
82,mrdata_json/sedexmvt/16.json,16,['Balmat'],44.25,-75.4,"['unclassified', 'carb-hst', 'CD', 'sedex']",https://mrdata.usgs.gov/to-json.php?db=sedexmvt&id=rec_id&labno=16
83,mrdata_json/sedexmvt/69.json,69,['Eclipse'],75.57,-96.2,['MVT'],https://mrdata.usgs.gov/to-json.php?db=sedexmvt&id=rec_id&labno=69
84,mrdata_json/sedexmvt/112.json,112,['Jabal Dhaylan'],25.5,37.25,"['salt dome', 'MVT']",https://mrdata.usgs.gov/to-json.php?db=sedexmvt&id=rec_id&labno=112
85,mrdata_json/sedexmvt/240.json,240,['Zawarmala'],24.33,73.68,"['carb-hst', 'CD', 'sedex']",https://mrdata.usgs.gov/to-json.php?db=sedexmvt&id=rec_id&labno=240
86,mrdata_json/sedexmvt/129.json,129,['Kushk'],31.75,55.75,"['sh-hst', 'carb-hst', 'CD', 'sedex']",https://mrdata.usgs.gov/to-json.php?db=sedexmvt&id=rec_id&labno=129
87,mrdata_json/sedexmvt/150.json,150,['Mount Isa'],-20.73,139.48,"['CR', 'cc-hst', 'CD', 'sedex']",https://mrdata.usgs.gov/to-json.php?db=sedexmvt&id=rec_id&labno=150
88,mrdata_json/sedexmvt/166.json,166,['Perau'],-24.85,-49.0,"['unclassified', 'CD', 'sedex']",https://mrdata.usgs.gov/to-json.php?db=sedexmvt&id=rec_id&labno=166
89,mrdata_json/sedexmvt/51.json,51,['Citronen Fjord'],83.08,-28.25,"['sh-hst', 'CD', 'sedex']",https://mrdata.usgs.gov/to-json.php?db=sedexmvt&id=rec_id&labno=51
90,mrdata_json/sedexmvt/169.json,169,['Pierrepont'],44.5,-75.02,"['unclassified', 'carb-hst', 'CD', 'sedex']",https://mrdata.usgs.gov/to-json.php?db=sedexmvt&id=rec_id&labno=169
91,mrdata_json/sedexmvt/49.json,49,['Changba-Lijiagou'],34.0,105.5,"['sh-hst', 'carb-hst', 'CD', 'sedex']",https://mrdata.usgs.gov/to-json.php?db=sedexmvt&id=rec_id&labno=49
92,mrdata_json/sedexmvt/104.json,104,['Howards Pass'],62.45,-129.18,"['sh-hst', 'CD', 'sedex']",https://mrdata.usgs.gov/to-json.php?db=sedexmvt&id=rec_id&labno=104
93,mrdata_json/sedexmvt/23.json,23,['Bethumni'],25.07,74.18,"['unclassified', 'CD', 'sedex']",https://mrdata.usgs.gov/to-json.php?db=sedexmvt&id=rec_id&labno=23
94,mrdata_json/sedexmvt/178.json,178,['Rajpura-Dariba'],24.98,74.13,"['CD', 'sedex']",https://mrdata.usgs.gov/to-json.php?db=sedexmvt&id=rec_id&labno=178
95,mrdata_json/sedexmvt/70.json,70,['Ediacara'],-30.8,138.13,['MVT'],https://mrdata.usgs.gov/to-json.php?db=sedexmvt&id=rec_id&labno=70
96,mrdata_json/sedexmvt/230.json,230,['Van Stone'],48.76,-117.76,['MVT'],https://mrdata.usgs.gov/to-json.php?db=sedexmvt&id=rec_id&labno=230
97,mrdata_json/sedexmvt/52.json,52,['Clear Lake'],62.78,-135.14,['CD'],https://mrdata.usgs.gov/to-json.php?db=sedexmvt&id=rec_id&labno=52
98,mrdata_json/sedexmvt/53.json,53,['Colby'],50.73,-118.73,"['unclassified', 'CD', 'sedex']",https://mrdata.usgs.gov/to-json.php?db=sedexmvt&id=rec_id&labno=53
99,mrdata_json/sedexmvt/164.json,164,['Pegmont'],-21.84,140.68,"['BHT', 'unclassified', 'CD', 'sedex']",https://mrdata.usgs.gov/to-json.php?db=sedexmvt&id=rec_id&labno=164
100,mrdata_json/sedexmvt/213.json,213,['Tanyaokou'],40.93,106.73,"['sh-hst', 'carb-hst', 'CD', 'sedex']",https://mrdata.usgs.gov/to-json.php?db=sedexmvt&id=rec_id&labno=213
101,mrdata_json/sedexmvt/85.json,85,['Gamsberg'],-29.25,18.97,"['BHT', 'CD', 'sedex']",https://mrdata.usgs.gov/to-json.php?db=sedexmvt&id=rec_id&labno=85
102,mrdata_json/sedexmvt/197.json,197,['Sardana'],60.19,136.48,['MVT'],https://mrdata.usgs.gov/to-json.php?db=sedexmvt&id=rec_id&labno=197
103,mrdata_json/sedexmvt/26.json,26,['Bijiashan'],33.92,105.46,"['unclassified', 'carb-hst', 'CD', 'sedex']",https://mrdata.usgs.gov/to-json.php?db=sedexmvt&id=rec_id&labno=26
104,mrdata_json/sedexmvt/71.json,71,['Edwards'],44.34,-75.26,"['unclassified', 'carb-hst', 'CD', 'sedex']",https://mrdata.usgs.gov/to-json.php?db=sedexmvt&id=rec_id&labno=71
105,mrdata_json/sedexmvt/73.json,73,['Elura'],-31.17,145.65,['MVT'],https://mrdata.usgs.gov/to-json.php?db=sedexmvt&id=rec_id&labno=73
106,mrdata_json/sedexmvt/91.json,91,['Gays River'],45.03,-63.36,['MVT'],https://mrdata.usgs.gov/to-json.php?db=sedexmvt&id=rec_id&labno=91
107,mrdata_json/sedexmvt/100.json,100,['H.B.'],49.15,-117.2,"['MVT', 'carb-hst', 'CD', 'sedex']",https://mrdata.usgs.gov/to-json.php?db=sedexmvt&id=rec_id&labno=100
108,mrdata_json/sedexmvt/154.json,154,['Napier Range (Narlarla)'],-17.26,124.73,['MVT'],https://mrdata.usgs.gov/to-json.php?db=sedexmvt&id=rec_id&labno=154
109,mrdata_json/sedexmvt/9.json,9,['Angas'],-34.67,138.91,"['cc-hst', 'CD', 'sedex']",https://mrdata.usgs.gov/to-json.php?db=sedexmvt&id=rec_id&labno=9
110,mrdata_json/sedexmvt/235.json,235,['Walton'],45.21,-64.04,['MVT'],https://mrdata.usgs.gov/to-json.php?db=sedexmvt&id=rec_id&labno=235
111,mrdata_json/sedexmvt/201.json,201,['Sherman'],39.14,-106.17,"['CR', 'MVT']",https://mrdata.usgs.gov/to-json.php?db=sedexmvt&id=rec_id&labno=201
112,mrdata_json/sedexmvt/137.json,137,['Magmont'],37.63,-91.08,['MVT'],https://mrdata.usgs.gov/to-json.php?db=sedexmvt&id=rec_id&labno=137
113,mrdata_json/sedexmvt/66.json,66,['Dugald River'],-20.25,140.15,"['unclassified', 'sh-hst', 'CD', 'sedex']",https://mrdata.usgs.gov/to-json.php?db=sedexmvt&id=rec_id&labno=66
114,mrdata_json/sedexmvt/149.json,149,['Morro Agudo'],-17.32,-46.8,"['MVT', 'Irish', 'sedex']",https://mrdata.usgs.gov/to-json.php?db=sedexmvt&id=rec_id&labno=149
115,mrdata_json/sedexmvt/191.json,191,['Ruddock Creek'],51.27,-118.98,"['unclassified', 'CD', 'sedex']",https://mrdata.usgs.gov/to-json.php?db=sedexmvt&id=rec_id&labno=191
116,mrdata_json/sedexmvt/93.json,93,['Gorevsk'],58.08,93.31,"['UN', 'carb-hst', 'sedex']",https://mrdata.usgs.gov/to-json.php?db=sedexmvt&id=rec_id&labno=93
117,mrdata_json/sedexmvt/193.json,193,['Salafossa'],46.34,12.4,['MVT'],https://mrdata.usgs.gov/to-json.php?db=sedexmvt&id=rec_id&labno=193
118,mrdata_json/sedexmvt/24.json,24,['Big Ledge'],49.5,-118.15,"['cc-hst', 'CD', 'sedex']",https://mrdata.usgs.gov/to-json.php?db=sedexmvt&id=rec_id&labno=24
119,mrdata_json/sedexmvt/202.json,202,['Siding'],25.07,109.53,"['MVT', 'CD']",https://mrdata.usgs.gov/to-json.php?db=sedexmvt&id=rec_id&labno=202
120,mrdata_json/sedexmvt/87.json,87,['Ganeshpura'],25.8,75.25,"['carb-hst', 'CD', 'sedex']",https://mrdata.usgs.gov/to-json.php?db=sedexmvt&id=rec_id&labno=87
121,mrdata_json/sedexmvt/33.json,33,['Boston Hill'],53.22,6.94,['MVT'],https://mrdata.usgs.gov/to-json.php?db=sedexmvt&id=rec_id&labno=33
122,mrdata_json/sedexmvt/145.json,145,['Mochia'],24.36,73.72,"['carb-hst', 'CD', 'sedex']",https://mrdata.usgs.gov/to-json.php?db=sedexmvt&id=rec_id&labno=145
123,mrdata_json/sedexmvt/54.json,54,['Cottonbelt'],51.45,-118.82,"['unclassified', 'CD', 'sedex']",https://mrdata.usgs.gov/to-json.php?db=sedexmvt&id=rec_id&labno=54
124,mrdata_json/sedexmvt/174.json,174,['Qiandongshan'],33.59,110.79,"['unclassified', 'CD', 'sedex']",https://mrdata.usgs.gov/to-json.php?db=sedexmvt&id=rec_id&labno=174
125,mrdata_json/sedexmvt/227.json,227,['Umm Gheig'],25.63,34.45,['MVT'],https://mrdata.usgs.gov/to-json.php?db=sedexmvt&id=rec_id&labno=227
126,mrdata_json/sedexmvt/184.json,184,['Remac'],49.02,-117.37,"['MVT/Irish', 'MVT', 'carb-hst', 'sedex']",https://mrdata.usgs.gov/to-json.php?db=sedexmvt&id=rec_id&labno=184
127,mrdata_json/sedexmvt/152.json,152,['Moyvoughly'],53.45,-7.68,['MVT'],https://mrdata.usgs.gov/to-json.php?db=sedexmvt&id=rec_id&labno=152
128,mrdata_json/sedexmvt/179.json,179,['Rammelsberg'],51.88,10.42,"['sh-hst', 'CD', 'sedex']",https://mrdata.usgs.gov/to-json.php?db=sedexmvt&id=rec_id&labno=179
129,mrdata_json/sedexmvt/162.json,162,['Paduna North Block'],24.27,73.69,"['carb-hst', 'CD', 'sedex']",https://mrdata.usgs.gov/to-json.php?db=sedexmvt&id=rec_id&labno=162
130,mrdata_json/sedexmvt/105.json,105,['Huayuan'],28.41,109.41,['MVT'],https://mrdata.usgs.gov/to-json.php?db=sedexmvt&id=rec_id&labno=105
131,mrdata_json/sedexmvt/78.json,78,['Faro'],62.36,-133.37,"['sh-hst', 'CD', 'sedex']",https://mrdata.usgs.gov/to-json.php?db=sedexmvt&id=rec_id&labno=78
132,mrdata_json/sedexmvt/140.json,140,['Matahambre'],22.43,-83.43,"['sh-hst', 'CD', 'sedex']",https://mrdata.usgs.gov/to-json.php?db=sedexmvt&id=rec_id&labno=140
133,mrdata_json/sedexmvt/200.json,200,['Sedmochislenitsi'],43.15,23.54,['MVT'],https://mrdata.usgs.gov/to-json.php?db=sedexmvt&id=rec_id&labno=200
134,mrdata_json/sedexmvt/151.json,151,['Mount Torrens'],-34.88,139.3,"['cc-hst', 'CD', 'sedex']",https://mrdata.usgs.gov/to-json.php?db=sedexmvt&id=rec_id&labno=151
135,mrdata_json/sedexmvt/239.json,239,['Yindongliang'],33.75,106.84,"['sh-hst', 'carb-hst', 'CD', 'sedex']",https://mrdata.usgs.gov/to-json.php?db=sedexmvt&id=rec_id&labno=239
136,mrdata_json/sedexmvt/171.json,171,['Pinnacles'],-32.09,141.39,"['BHT', 'unclassified', 'CD', 'sedex']",https://mrdata.usgs.gov/to-json.php?db=sedexmvt&id=rec_id&labno=171
137,mrdata_json/sedexmvt/211.json,211,['Sumsar'],41.22,71.34,['MVT'],https://mrdata.usgs.gov/to-json.php?db=sedexmvt&id=rec_id&labno=211
138,mrdata_json/sedexmvt/57.json,57,['Daliangzi'],26.63,102.88,['MVT'],https://mrdata.usgs.gov/to-json.php?db=sedexmvt&id=rec_id&labno=57
139,mrdata_json/sedexmvt/50.json,50,['Cirque'],57.51,-125.15,"['sh-hst', 'CD', 'sedex']",https://mrdata.usgs.gov/to-json.php?db=sedexmvt&id=rec_id&labno=50
140,mrdata_json/sedexmvt/131.json,131,['Lafatsch'],47.36,11.45,['MVT'],https://mrdata.usgs.gov/to-json.php?db=sedexmvt&id=rec_id&labno=131
141,mrdata_json/sedexmvt/187.json,187,['Rickardstown'],53.9,6.82,['MVT'],https://mrdata.usgs.gov/to-json.php?db=sedexmvt&id=rec_id&labno=187
142,mrdata_json/sedexmvt/156.json,156,['Newfoundland Zinc'],50.28,-57.47,['MVT'],https://mrdata.usgs.gov/to-json.php?db=sedexmvt&id=rec_id&labno=156
143,mrdata_json/sedexmvt/65.json,65,['Duddar'],26.09,66.82,"['sh-hst', 'CD', 'sedex']",https://mrdata.usgs.gov/to-json.php?db=sedexmvt&id=rec_id&labno=65
144,mrdata_json/sedexmvt/208.json,208,['South Dedwas'],25.35,74.57,"['unclassified', 'CD', 'sedex']",https://mrdata.usgs.gov/to-json.php?db=sedexmvt&id=rec_id&labno=208
145,mrdata_json/sedexmvt/89.json,89,['Garrycam'],53.65,-7.72,"['MVT', 'Irish']",https://mrdata.usgs.gov/to-json.php?db=sedexmvt&id=rec_id&labno=89
146,mrdata_json/sedexmvt/160.json,160,['Nunngarut'],71.13,-51.7,"['MVT', 'carb-hst', 'sedex']",https://mrdata.usgs.gov/to-json.php?db=sedexmvt&id=rec_id&labno=160
147,mrdata_json/sedexmvt/120.json,120,['Kapok'],-18.73,126.01,['MVT'],https://mrdata.usgs.gov/to-json.php?db=sedexmvt&id=rec_id&labno=120
148,mrdata_json/sedexmvt/29.json,29,['Bleiberg'],46.67,13.67,['MVT'],https://mrdata.usgs.gov/to-json.php?db=sedexmvt&id=rec_id&labno=29
149,mrdata_json/sedexmvt/206.json,206,['Sorby Hills'],-15.45,128.97,['MVT'],https://mrdata.usgs.gov/to-json.php?db=sedexmvt&id=rec_id&labno=206
150,mrdata_json/sedexmvt/25.json,25,['Big Syncline'],-29.2,18.83,"['BHT', 'CD', 'sedex']",https://mrdata.usgs.gov/to-json.php?db=sedexmvt&id=rec_id&labno=25
151,mrdata_json/sedexmvt/92.json,92,['Goongewa (Twelve Mile Bore)'],-18.63,125.88,['MVT'],https://mrdata.usgs.gov/to-json.php?db=sedexmvt&id=rec_id&labno=92
152,mrdata_json/sedexmvt/15.json,15,['Ballinalack'],53.65,-7.47,"['MVT', 'Irish']",https://mrdata.usgs.gov/to-json.php?db=sedexmvt&id=rec_id&labno=15
153,mrdata_json/sedexmvt/238.json,238,['Yahyali'],38.33,36.32,['MVT'],https://mrdata.usgs.gov/to-json.php?db=sedexmvt&id=rec_id&labno=238
154,mrdata_json/sedexmvt/101.json,101,['Harberton Bridge'],53.27,-6.86,['MVT'],https://mrdata.usgs.gov/to-json.php?db=sedexmvt&id=rec_id&labno=101
155,mrdata_json/sedexmvt/122.json,122,['Keel'],53.65,-7.73,"['MVT', 'Irish']",https://mrdata.usgs.gov/to-json.php?db=sedexmvt&id=rec_id&labno=122
156,mrdata_json/sedexmvt/88.json,88,['Gaobanhe'],40.45,117.9,"['sh-hst', 'carb-hst', 'CD', 'sedex']",https://mrdata.usgs.gov/to-json.php?db=sedexmvt&id=rec_id&labno=88
157,mrdata_json/sedexmvt/17.json,17,['Bamnia Kalan'],25.04,74.18,"['carb-hst', 'CD', 'sedex']",https://mrdata.usgs.gov/to-json.php?db=sedexmvt&id=rec_id&labno=17
158,mrdata_json/sedexmvt/32.json,32,['Blyklippen'],72.1,-24.0,['MVT'],https://mrdata.usgs.gov/to-json.php?db=sedexmvt&id=rec_id&labno=32
159,mrdata_json/sedexmvt/37.json,37,['Broken Hill'],-31.97,141.47,"['BHT', 'CD', 'sedex']",https://mrdata.usgs.gov/to-json.php?db=sedexmvt&id=rec_id&labno=37
160,mrdata_json/sedexmvt/30.json,30,['Bleikvassli'],65.83,13.83,"['cc-hst', 'CD', 'sedex']",https://mrdata.usgs.gov/to-json.php?db=sedexmvt&id=rec_id&labno=30
161,mrdata_json/sedexmvt/163.json,163,['Pavlovskoye'],72.92,55.17,"['MVT', 'sedex']",https://mrdata.usgs.gov/to-json.php?db=sedexmvt&id=rec_id&labno=163
162,mrdata_json/sedexmvt/114.json,114,['Jason'],63.15,-130.26,"['sh-hst', 'CD', 'sedex']",https://mrdata.usgs.gov/to-json.php?db=sedexmvt&id=rec_id&labno=114
163,mrdata_json/sedexmvt/173.json,173,['Prairie Creek'],61.58,-124.83,['MVT'],https://mrdata.usgs.gov/to-json.php?db=sedexmvt&id=rec_id&labno=173
164,mrdata_json/sedexmvt/41.json,41,['Bushy Park'],-28.88,23.6,['MVT'],https://mrdata.usgs.gov/to-json.php?db=sedexmvt&id=rec_id&labno=41
165,mrdata_json/sedexmvt/2.json,2,['Abu Samar'],17.98,36.38,"['VMS', 'CD', 'sedex']",https://mrdata.usgs.gov/to-json.php?db=sedexmvt&id=rec_id&labno=2
166,mrdata_json/sedexmvt/45.json,45,['Canoas'],-24.83,-48.95,"['unclassified', 'CD', 'sedex']",https://mrdata.usgs.gov/to-json.php?db=sedexmvt&id=rec_id&labno=45
167,mrdata_json/sedexmvt/219.json,219,['Tongmugou'],34.62,109.98,"['carb-hst', 'CD', 'sedex']",https://mrdata.usgs.gov/to-json.php?db=sedexmvt&id=rec_id&labno=219
168,mrdata_json/sedexmvt/84.json,84,['Galmoy'],52.8,-7.59,"['MVT', 'Irish']",https://mrdata.usgs.gov/to-json.php?db=sedexmvt&id=rec_id&labno=84
169,mrdata_json/sedexmvt/47.json,47,['Castellanos'],22.72,-84.05,"['sh-hst', 'CD', 'sedex']",https://mrdata.usgs.gov/to-json.php?db=sedexmvt&id=rec_id&labno=47
170,mrdata_json/sedexmvt/217.json,217,['Tiranga'],25.34,74.54,"['unclassified', 'CD', 'sedex']",https://mrdata.usgs.gov/to-json.php?db=sedexmvt&id=rec_id&labno=217
171,mrdata_json/sedexmvt/189.json,189,['Robb Lake'],56.93,-123.72,['MVT'],https://mrdata.usgs.gov/to-json.php?db=sedexmvt&id=rec_id&labno=189
172,mrdata_json/sedexmvt/233.json,233,['Villemagne'],44.13,3.45,['MVT'],https://mrdata.usgs.gov/to-json.php?db=sedexmvt&id=rec_id&labno=233
173,mrdata_json/sedexmvt/195.json,195,['San Vicente'],-11.23,-75.35,['MVT'],https://mrdata.usgs.gov/to-json.php?db=sedexmvt&id=rec_id&labno=195
174,mrdata_json/sedexmvt/64.json,64,['Driftpile'],58.05,-125.95,"['sh-hst', 'CD', 'sedex']",https://mrdata.usgs.gov/to-json.php?db=sedexmvt&id=rec_id&labno=64
175,mrdata_json/sedexmvt/220.json,220,['Touissit-Bou Beker'],34.3,-1.48,['MVT'],https://mrdata.usgs.gov/to-json.php?db=sedexmvt&id=rec_id&labno=220
176,mrdata_json/sedexmvt/182.json,182,['Red Dog'],68.07,-162.8,"['sh-hst', 'CD', 'sedex']",https://mrdata.usgs.gov/to-json.php?db=sedexmvt&id=rec_id&labno=182
177,mrdata_json/sedexmvt/216.json,216,['Tikhi'],25.76,75.24,"['carb-hst', 'CD', 'sedex']",https://mrdata.usgs.gov/to-json.php?db=sedexmvt&id=rec_id&labno=216
178,mrdata_json/sedexmvt/127.json,127,['Kuangshanchang'],26.6,103.98,['MVT'],https://mrdata.usgs.gov/to-json.php?db=sedexmvt&id=rec_id&labno=127
179,mrdata_json/sedexmvt/109.json,109,['Idol'],36.37,-83.41,['MVT'],https://mrdata.usgs.gov/to-json.php?db=sedexmvt&id=rec_id&labno=109
180,mrdata_json/sedexmvt/20.json,20,['Bear-Twit'],64.03,-129.42,['MVT'],https://mrdata.usgs.gov/to-json.php?db=sedexmvt&id=rec_id&labno=20
181,mrdata_json/sedexmvt/168.json,168,['Picos de Europa'],43.1,-4.56,['MVT'],https://mrdata.usgs.gov/to-json.php?db=sedexmvt&id=rec_id&labno=168
182,mrdata_json/sedexmvt/21.json,21,['Beishan'],25.2,108.1,"['MVT', 'CD']",https://mrdata.usgs.gov/to-json.php?db=sedexmvt&id=rec_id&labno=21
183,mrdata_json/sedexmvt/128.json,128,['Kuh-e-Surmeh'],28.5,52.5,['MVT'],https://mrdata.usgs.gov/to-json.php?db=sedexmvt&id=rec_id&labno=128
184,mrdata_json/sedexmvt/214.json,214,['Tatestown'],53.69,-6.74,"['MVT', 'Irish']",https://mrdata.usgs.gov/to-json.php?db=sedexmvt&id=rec_id&labno=214
185,mrdata_json/sedexmvt/103.json,103,['Houhongqiao'],25.3,111.72,['MVT'],https://mrdata.usgs.gov/to-json.php?db=sedexmvt&id=rec_id&labno=103
186,mrdata_json/sedexmvt/148.json,148,['Monarch-Kicking Horse'],51.43,-116.45,['MVT'],https://mrdata.usgs.gov/to-json.php?db=sedexmvt&id=rec_id&labno=148
187,mrdata_json/sedexmvt/80.json,80,['Filizchai'],41.79,46.47,"['sh-hst', 'CD', 'sedex']",https://mrdata.usgs.gov/to-json.php?db=sedexmvt&id=rec_id&labno=80
188,mrdata_json/sedexmvt/58.json,58,['Dengjiashan'],33.91,105.75,"['carb-hst', 'CD', 'sedex']",https://mrdata.usgs.gov/to-json.php?db=sedexmvt&id=rec_id&labno=58
189,mrdata_json/sedexmvt/126.json,126,['Kootenay King'],49.74,-115.61,"['cc-hst', 'CD', 'sedex']",https://mrdata.usgs.gov/to-json.php?db=sedexmvt&id=rec_id&labno=126
190,mrdata_json/sedexmvt/111.json,111,['Irankuh'],32.55,51.68,['MVT'],https://mrdata.usgs.gov/to-json.php?db=sedexmvt&id=rec_id&labno=111
191,mrdata_json/sedexmvt/155.json,155,['Navan'],53.66,-6.68,"['MVT', 'Irish']",https://mrdata.usgs.gov/to-json.php?db=sedexmvt&id=rec_id&labno=155
192,mrdata_json/sedexmvt/196.json,196,['Santa Lucia'],22.65,-83.98,"['sh-hst', 'CD', 'sedex']",https://mrdata.usgs.gov/to-json.php?db=sedexmvt&id=rec_id&labno=196
193,mrdata_json/sedexmvt/4.json,4,['Aguilar'],-23.2,-65.7,"['UN', 'cc-hst', 'sedex']",https://mrdata.usgs.gov/to-json.php?db=sedexmvt&id=rec_id&labno=4
194,mrdata_json/sedexmvt/123.json,123,['Kherzet Youcef'],35.46,5.28,['MVT'],https://mrdata.usgs.gov/to-json.php?db=sedexmvt&id=rec_id&labno=123
195,mrdata_json/sedexmvt/107.json,107,['Hyatt'],44.3,-75.33,"['unclassified', 'carb-hst', 'CD', 'sedex']",https://mrdata.usgs.gov/to-json.php?db=sedexmvt&id=rec_id&labno=107
196,mrdata_json/sedexmvt/48.json,48,['Century'],-18.75,138.63,"['CR', 'cc-hst', 'CD', 'sedex']",https://mrdata.usgs.gov/to-json.php?db=sedexmvt&id=rec_id&labno=48
197,mrdata_json/sedexmvt/124.json,124,['Kholodninskoye'],55.85,109.8,"['sh-hst', 'CD', 'sedex']",https://mrdata.usgs.gov/to-json.php?db=sedexmvt&id=rec_id&labno=124
198,mrdata_json/sedexmvt/207.json,207,['South Cirque'],57.51,-125.15,"['sh-hst', 'CD', 'sedex']",https://mrdata.usgs.gov/to-json.php?db=sedexmvt&id=rec_id&labno=207
199,mrdata_json/sedexmvt/172.json,172,['Polaris'],75.38,-96.95,['MVT'],https://mrdata.usgs.gov/to-json.php?db=sedexmvt&id=rec_id&labno=172
200,mrdata_json/sedexmvt/8.json,8,['Anarraaq'],68.16,-162.96,"['CR', 'carb-hst', 'CD', 'sedex']",https://mrdata.usgs.gov/to-json.php?db=sedexmvt&id=rec_id&labno=8
201,mrdata_json/sedexmvt/146.json,146,['Mofjellet'],66.28,14.12,"['unclassified', 'CD', 'sedex']",https://mrdata.usgs.gov/to-json.php?db=sedexmvt&id=rec_id&labno=146
202,mrdata_json/sedexmvt/119.json,119,['Kankariya'],26.51,74.65,"['unclassified', 'CD', 'sedex']",https://mrdata.usgs.gov/to-json.php?db=sedexmvt&id=rec_id&labno=119
203,mrdata_json/sedexmvt/139.json,139,['Maramungee'],-21.58,140.92,"['unclassified', 'CD', 'sedex']",https://mrdata.usgs.gov/to-json.php?db=sedexmvt&id=rec_id&labno=139
204,mrdata_json/sedexmvt/86.json,86,['Ganesh Himal'],28.07,85.18,"['carb-hst', 'CD', 'sedex']",https://mrdata.usgs.gov/to-json.php?db=sedexmvt&id=rec_id&labno=86
205,mrdata_json/sedexmvt/161.json,161,['Oldcastle'],53.77,-7.13,"['MVT', 'Irish']",https://mrdata.usgs.gov/to-json.php?db=sedexmvt&id=rec_id&labno=161
206,mrdata_json/sedexmvt/10.json,10,['Anjireh-Vejin'],32.71,51.15,['MVT'],https://mrdata.usgs.gov/to-json.php?db=sedexmvt&id=rec_id&labno=10
207,mrdata_json/sedexmvt/170.json,170,['Pillara (Blendevale)'],-18.32,125.77,['MVT'],https://mrdata.usgs.gov/to-json.php?db=sedexmvt&id=rec_id&labno=170
208,mrdata_json/sedexmvt/62.json,62,['Dongjiahe'],28.41,109.41,"['carb-hst', 'CD', 'sedex']",https://mrdata.usgs.gov/to-json.php?db=sedexmvt&id=rec_id&labno=62
209,mrdata_json/sedexmvt/224.json,224,['Troya'],42.77,-2.28,"['MVT', 'carb-hst', 'sedex']",https://mrdata.usgs.gov/to-json.php?db=sedexmvt&id=rec_id&labno=224
210,mrdata_json/sedexmvt/236.json,236,['West Fork'],37.51,-91.12,['MVT'],https://mrdata.usgs.gov/to-json.php?db=sedexmvt&id=rec_id&labno=236
211,mrdata_json/sedexmvt/186.json,186,['Rewara'],25.1,74.37,"['unclassified', 'CD', 'sedex']",https://mrdata.usgs.gov/to-json.php?db=sedexmvt&id=rec_id&labno=186
212,mrdata_json/sedexmvt/56.json,56,['Dairi (Sopokomil)'],2.83,98.17,"['sh-hst', 'CD', 'sedex']",https://mrdata.usgs.gov/to-json.php?db=sedexmvt&id=rec_id&labno=56
213,mrdata_json/sedexmvt/185.json,185,['Reocin'],43.28,-4.41,['MVT'],https://mrdata.usgs.gov/to-json.php?db=sedexmvt&id=rec_id&labno=185
214,mrdata_json/sedexmvt/14.json,14,['Ballaria'],24.35,73.73,"['carb-hst', 'CD', 'sedex']",https://mrdata.usgs.gov/to-json.php?db=sedexmvt&id=rec_id&labno=14
215,mrdata_json/sedexmvt/134.json,134,['Lisheen'],52.75,-7.75,"['MVT', 'Irish']",https://mrdata.usgs.gov/to-json.php?db=sedexmvt&id=rec_id&labno=134
216,mrdata_json/sedexmvt/135.json,135,['Luoba'],34.0,105.07,"['carb-hst', 'CD', 'sedex']",https://mrdata.usgs.gov/to-json.php?db=sedexmvt&id=rec_id&labno=135
217,mrdata_json/sedexmvt/157.json,157,['Niujiaotang'],26.24,107.66,"['MVT', 'CD']",https://mrdata.usgs.gov/to-json.php?db=sedexmvt&id=rec_id&labno=157
218,mrdata_json/sedexmvt/67.json,67,['Duncan'],50.37,-116.95,"['MVT', 'carb-hst', 'CD', 'sedex']",https://mrdata.usgs.gov/to-json.php?db=sedexmvt&id=rec_id&labno=67
219,mrdata_json/sedexmvt/194.json,194,['Samodi'],25.35,74.55,"['unclassified', 'CD', 'sedex']",https://mrdata.usgs.gov/to-json.php?db=sedexmvt&id=rec_id&labno=194
220,mrdata_json/sedexmvt/221.json,221,['Tres Irmas'],-12.33,-41.8,"['MVT', 'Irish']",https://mrdata.usgs.gov/to-json.php?db=sedexmvt&id=rec_id&labno=221
221,mrdata_json/sedexmvt/117.json,117,['Jubilee'],45.98,-60.96,['MVT'],https://mrdata.usgs.gov/to-json.php?db=sedexmvt&id=rec_id&labno=117
222,mrdata_json/sedexmvt/234.json,234,['Wagon Pass'],-17.18,124.63,['MVT'],https://mrdata.usgs.gov/to-json.php?db=sedexmvt&id=rec_id&labno=234
223,mrdata_json/sedexmvt/74.json,74,['Emarat'],33.75,49.61,['MVT'],https://mrdata.usgs.gov/to-json.php?db=sedexmvt&id=rec_id&labno=74
224,mrdata_json/sedexmvt/209.json,209,['Su (Lik south)'],68.16,-163.21,"['sh-hst', 'CD', 'sedex']",https://mrdata.usgs.gov/to-json.php?db=sedexmvt&id=rec_id&labno=209
225,mrdata_json/sedexmvt/34.json,34,['Bou Grine'],36.11,8.94,"['salt dome', 'MVT']",https://mrdata.usgs.gov/to-json.php?db=sedexmvt&id=rec_id&labno=34
226,mrdata_json/sedexmvt/60.json,60,['Devpura'],25.45,74.63,"['unclassified', 'CD', 'sedex']",https://mrdata.usgs.gov/to-json.php?db=sedexmvt&id=rec_id&labno=60
227,mrdata_json/sedexmvt/61.json,61,['Djebba'],36.47,9.09,"['salt dome', 'MVT']",https://mrdata.usgs.gov/to-json.php?db=sedexmvt&id=rec_id&labno=61
228,mrdata_json/sedexmvt/77.json,77,['Fankou'],25.1,113.62,['MVT'],https://mrdata.usgs.gov/to-json.php?db=sedexmvt&id=rec_id&labno=77
229,mrdata_json/sedexmvt/133.json,133,['Lik'],68.17,-163.2,"['CR', 'sh-hst', 'CD', 'sedex']",https://mrdata.usgs.gov/to-json.php?db=sedexmvt&id=rec_id&labno=133
230,mrdata_json/sedexmvt/138.json,138,['Maozu'],27.38,103.05,"['carb-hst', 'CD', 'sedex']",https://mrdata.usgs.gov/to-json.php?db=sedexmvt&id=rec_id&labno=138
231,mrdata_json/sedexmvt/141.json,141,['Meggen'],51.13,8.08,"['CR', 'carb-hst', 'CD', 'sedex']",https://mrdata.usgs.gov/to-json.php?db=sedexmvt&id=rec_id&labno=141
232,mrdata_json/sedexmvt/90.json,90,['Gayna River'],64.93,-130.68,['MVT'],https://mrdata.usgs.gov/to-json.php?db=sedexmvt&id=rec_id&labno=90
233,mrdata_json/sedexmvt/44.json,44,['Cannington'],-21.87,140.92,"['BHT', 'CD', 'sedex']",https://mrdata.usgs.gov/to-json.php?db=sedexmvt&id=rec_id&labno=44
234,mrdata_json/sedexmvt/28.json,28,['Black Mountain'],-29.23,18.73,"['BHT', 'CD', 'sedex']",https://mrdata.usgs.gov/to-json.php?db=sedexmvt&id=rec_id&labno=28
235,mrdata_json/sedexmvt/43.json,43,['Cadjebut Trend'],-18.71,125.96,['MVT'],https://mrdata.usgs.gov/to-json.php?db=sedexmvt&id=rec_id&labno=43
236,mrdata_json/sedexmvt/27.json,27,['Black Angel'],71.17,-51.75,"['MVT/Irish', 'MVT', 'carb-hst', 'sedex']",https://mrdata.usgs.gov/to-json.php?db=sedexmvt&id=rec_id&labno=27
237,mrdata_json/sedexmvt/222.json,222,['Treves'],44.13,3.39,['MVT'],https://mrdata.usgs.gov/to-json.php?db=sedexmvt&id=rec_id&labno=222
238,mrdata_json/sedexmvt/11.json,11,['Arrens'],42.95,-0.22,"['carb-hst', 'CD', 'sedex']",https://mrdata.usgs.gov/to-json.php?db=sedexmvt&id=rec_id&labno=11
239,mrdata_json/sedexmvt/5.json,5,['Ain Khala'],35.43,5.29,['MVT'],https://mrdata.usgs.gov/to-json.php?db=sedexmvt&id=rec_id&labno=5
